Dataset,F1_measure,Accuracy
DNS,0.944021,0.013000
Apache1,0.406049,0.006000
Apache2,0.994609,0.005348
Linux,0.761413,0.277512
